{"cameraMode":{"drawMode":0,"name":"Shaded","section":"Shading Mode"},"sceneLighting":true,"audioPlay":false,"sceneViewState":{"showFog":true,"showMaterialUpdate":false,"showSkybox":true,"showFlares":true,"showImageEffects":true,"showParticleSystems":true},"in2DMode":false,"pivot":{"x":26.167049407958986,"y":10.59837818145752,"z":39.287803649902347},"rotation":{"x":0.028337059542536737,"y":0.954444408416748,"z":-0.2821626365184784,"w":0.09688772261142731},"size":8.6767578125,"orthographic":false}